{
  "07 - Add to Cart-1" : {
    "transaction" : "07 - Add to Cart-1",
    "sampleCount" : 10,
    "errorCount" : 0,
    "errorPct" : 0.0,
    "meanResTime" : 335.5,
    "medianResTime" : 325.0,
    "minResTime" : 318.0,
    "maxResTime" : 372.0,
    "pct1ResTime" : 371.7,
    "pct2ResTime" : 372.0,
    "pct3ResTime" : 372.0,
    "throughput" : 2.9308323563892147,
    "receivedKBytesPerSec" : 152.63110895369286,
    "sentKBytesPerSec" : 0.844331587045721
  },
  "03 - Login User-0" : {
    "transaction" : "03 - Login User-0",
    "sampleCount" : 10,
    "errorCount" : 0,
    "errorPct" : 0.0,
    "meanResTime" : 440.29999999999995,
    "medianResTime" : 431.0,
    "minResTime" : 406.0,
    "maxResTime" : 533.0,
    "pct1ResTime" : 528.6,
    "pct2ResTime" : 533.0,
    "pct3ResTime" : 533.0,
    "throughput" : 2.832058906825262,
    "receivedKBytesPerSec" : 2.4874548640611724,
    "sentKBytesPerSec" : 1.9774630062305296
  },
  "04 - View Products" : {
    "transaction" : "04 - View Products",
    "sampleCount" : 10,
    "errorCount" : 0,
    "errorPct" : 0.0,
    "meanResTime" : 321.20000000000005,
    "medianResTime" : 320.0,
    "minResTime" : 313.0,
    "maxResTime" : 330.0,
    "pct1ResTime" : 329.8,
    "pct2ResTime" : 330.0,
    "pct3ResTime" : 330.0,
    "throughput" : 2.9806259314456036,
    "receivedKBytesPerSec" : 142.338277757079,
    "sentKBytesPerSec" : 0.7567995529061103
  },
  "02 - Open Login Page" : {
    "transaction" : "02 - Open Login Page",
    "sampleCount" : 10,
    "errorCount" : 0,
    "errorPct" : 0.0,
    "meanResTime" : 287.7,
    "medianResTime" : 285.0,
    "minResTime" : 282.0,
    "maxResTime" : 296.0,
    "pct1ResTime" : 295.9,
    "pct2ResTime" : 296.0,
    "pct3ResTime" : 296.0,
    "throughput" : 2.9351335485764602,
    "receivedKBytesPerSec" : 20.759763905195186,
    "sentKBytesPerSec" : 0.610530708834752
  },
  "03 - Login User-1" : {
    "transaction" : "03 - Login User-1",
    "sampleCount" : 10,
    "errorCount" : 0,
    "errorPct" : 0.0,
    "meanResTime" : 332.4,
    "medianResTime" : 328.0,
    "minResTime" : 312.0,
    "maxResTime" : 370.0,
    "pct1ResTime" : 367.6,
    "pct2ResTime" : 370.0,
    "pct3ResTime" : 370.0,
    "throughput" : 2.9708853238265003,
    "receivedKBytesPerSec" : 154.7216187611408,
    "sentKBytesPerSec" : 1.7581606506238858
  },
  "07 - Add to Cart-0" : {
    "transaction" : "07 - Add to Cart-0",
    "sampleCount" : 10,
    "errorCount" : 0,
    "errorPct" : 0.0,
    "meanResTime" : 285.40000000000003,
    "medianResTime" : 285.0,
    "minResTime" : 272.0,
    "maxResTime" : 303.0,
    "pct1ResTime" : 302.4,
    "pct2ResTime" : 303.0,
    "pct3ResTime" : 303.0,
    "throughput" : 2.9922202274087373,
    "receivedKBytesPerSec" : 2.190398713345302,
    "sentKBytesPerSec" : 0.9263025508677438
  },
  "08 - View Cart" : {
    "transaction" : "08 - View Cart",
    "sampleCount" : 10,
    "errorCount" : 0,
    "errorPct" : 0.0,
    "meanResTime" : 366.5,
    "medianResTime" : 337.0,
    "minResTime" : 292.0,
    "maxResTime" : 612.0,
    "pct1ResTime" : 592.3000000000001,
    "pct2ResTime" : 612.0,
    "pct3ResTime" : 612.0,
    "throughput" : 2.913752913752914,
    "receivedKBytesPerSec" : 26.456250455273892,
    "sentKBytesPerSec" : 0.7426655375874126
  },
  "07 - Add to Cart" : {
    "transaction" : "07 - Add to Cart",
    "sampleCount" : 10,
    "errorCount" : 0,
    "errorPct" : 0.0,
    "meanResTime" : 621.2,
    "medianResTime" : 614.5,
    "minResTime" : 595.0,
    "maxResTime" : 656.0,
    "pct1ResTime" : 655.3,
    "pct2ResTime" : 656.0,
    "pct3ResTime" : 656.0,
    "throughput" : 2.7063599458728014,
    "receivedKBytesPerSec" : 142.9222344384303,
    "sentKBytesPerSec" : 1.6174729364005414
  },
  "05 - Search Product" : {
    "transaction" : "05 - Search Product",
    "sampleCount" : 10,
    "errorCount" : 0,
    "errorPct" : 0.0,
    "meanResTime" : 323.6,
    "medianResTime" : 315.5,
    "minResTime" : 308.0,
    "maxResTime" : 363.0,
    "pct1ResTime" : 361.9,
    "pct2ResTime" : 363.0,
    "pct3ResTime" : 363.0,
    "throughput" : 2.9904306220095696,
    "receivedKBytesPerSec" : 81.39344721889952,
    "sentKBytesPerSec" : 0.7914127915669856
  },
  "Debug Sampler" : {
    "transaction" : "Debug Sampler",
    "sampleCount" : 10,
    "errorCount" : 0,
    "errorPct" : 0.0,
    "meanResTime" : 0.6,
    "medianResTime" : 0.0,
    "minResTime" : 0.0,
    "maxResTime" : 4.0,
    "pct1ResTime" : 3.700000000000001,
    "pct2ResTime" : 4.0,
    "pct3ResTime" : 4.0,
    "throughput" : 2.2476961114857272,
    "receivedKBytesPerSec" : 0.7037220442796134,
    "sentKBytesPerSec" : 0.0
  },
  "Total" : {
    "transaction" : "Total",
    "sampleCount" : 130,
    "errorCount" : 0,
    "errorPct" : 0.0,
    "meanResTime" : 403.676923076923,
    "medianResTime" : 324.5,
    "minResTime" : 0.0,
    "maxResTime" : 1644.0,
    "pct1ResTime" : 739.3000000000001,
    "pct2ResTime" : 843.5499999999995,
    "pct3ResTime" : 1531.7799999999993,
    "throughput" : 5.934447183420067,
    "receivedKBytesPerSec" : 167.76051830834018,
    "sentKBytesPerSec" : 2.3466744270975988
  },
  "03 - Login User" : {
    "transaction" : "03 - Login User",
    "sampleCount" : 10,
    "errorCount" : 0,
    "errorPct" : 0.0,
    "meanResTime" : 773.3,
    "medianResTime" : 755.0,
    "minResTime" : 724.0,
    "maxResTime" : 865.0,
    "pct1ResTime" : 861.1,
    "pct2ResTime" : 865.0,
    "pct3ResTime" : 865.0,
    "throughput" : 2.5933609958506225,
    "receivedKBytesPerSec" : 137.33821884725103,
    "sentKBytesPerSec" : 3.3455369878112036
  },
  "06 - View Product" : {
    "transaction" : "06 - View Product",
    "sampleCount" : 10,
    "errorCount" : 0,
    "errorPct" : 0.0,
    "meanResTime" : 309.09999999999997,
    "medianResTime" : 306.0,
    "minResTime" : 299.0,
    "maxResTime" : 325.0,
    "pct1ResTime" : 324.7,
    "pct2ResTime" : 325.0,
    "pct3ResTime" : 325.0,
    "throughput" : 2.976190476190476,
    "receivedKBytesPerSec" : 38.284156436011905,
    "sentKBytesPerSec" : 0.7818312872023809
  },
  "01 - Open Homepage" : {
    "transaction" : "01 - Open Homepage",
    "sampleCount" : 10,
    "errorCount" : 0,
    "errorPct" : 0.0,
    "meanResTime" : 850.9999999999999,
    "medianResTime" : 785.5,
    "minResTime" : 417.0,
    "maxResTime" : 1644.0,
    "pct1ResTime" : 1607.8000000000002,
    "pct2ResTime" : 1644.0,
    "pct3ResTime" : 1644.0,
    "throughput" : 2.097315436241611,
    "receivedKBytesPerSec" : 108.34682387793625,
    "sentKBytesPerSec" : 0.25397179110738255
  }
}