{
  "07 - Add to Cart-1" : {
    "transaction" : "07 - Add to Cart-1",
    "sampleCount" : 50,
    "errorCount" : 0,
    "errorPct" : 0.0,
    "meanResTime" : 403.3,
    "medianResTime" : 356.5,
    "minResTime" : 312.0,
    "maxResTime" : 697.0,
    "pct1ResTime" : 616.3,
    "pct2ResTime" : 660.1499999999997,
    "pct3ResTime" : 697.0,
    "throughput" : 5.679881858457343,
    "receivedKBytesPerSec" : 295.79781928035896,
    "sentKBytesPerSec" : 1.6362940900829261
  },
  "03 - Login User-0" : {
    "transaction" : "03 - Login User-0",
    "sampleCount" : 50,
    "errorCount" : 0,
    "errorPct" : 0.0,
    "meanResTime" : 1865.8799999999997,
    "medianResTime" : 1853.5,
    "minResTime" : 717.0,
    "maxResTime" : 2951.0,
    "pct1ResTime" : 2539.2,
    "pct2ResTime" : 2739.0499999999993,
    "pct3ResTime" : 2951.0,
    "throughput" : 3.9240307644011927,
    "receivedKBytesPerSec" : 3.4467092097002037,
    "sentKBytesPerSec" : 2.7399238247527857
  },
  "04 - View Products" : {
    "transaction" : "04 - View Products",
    "sampleCount" : 50,
    "errorCount" : 0,
    "errorPct" : 0.0,
    "meanResTime" : 1090.0000000000005,
    "medianResTime" : 1199.5,
    "minResTime" : 319.0,
    "maxResTime" : 1987.0,
    "pct1ResTime" : 1742.1999999999996,
    "pct2ResTime" : 1886.8,
    "pct3ResTime" : 1987.0,
    "throughput" : 4.163544008660171,
    "receivedKBytesPerSec" : 198.8267913648097,
    "sentKBytesPerSec" : 1.0571498459488717
  },
  "02 - Open Login Page" : {
    "transaction" : "02 - Open Login Page",
    "sampleCount" : 50,
    "errorCount" : 0,
    "errorPct" : 0.0,
    "meanResTime" : 867.0200000000002,
    "medianResTime" : 1022.0,
    "minResTime" : 282.0,
    "maxResTime" : 1740.0,
    "pct1ResTime" : 1491.1,
    "pct2ResTime" : 1617.0999999999997,
    "pct3ResTime" : 1740.0,
    "throughput" : 4.606172270842929,
    "receivedKBytesPerSec" : 32.573015027637034,
    "sentKBytesPerSec" : 0.9581198180561953
  },
  "03 - Login User-1" : {
    "transaction" : "03 - Login User-1",
    "sampleCount" : 50,
    "errorCount" : 0,
    "errorPct" : 0.0,
    "meanResTime" : 1554.12,
    "medianResTime" : 1547.0,
    "minResTime" : 769.0,
    "maxResTime" : 2193.0,
    "pct1ResTime" : 2031.6,
    "pct2ResTime" : 2151.25,
    "pct3ResTime" : 2193.0,
    "throughput" : 3.9311266609010147,
    "receivedKBytesPerSec" : 204.72762513267554,
    "sentKBytesPerSec" : 2.326428473150405
  },
  "07 - Add to Cart-0" : {
    "transaction" : "07 - Add to Cart-0",
    "sampleCount" : 50,
    "errorCount" : 0,
    "errorPct" : 0.0,
    "meanResTime" : 335.46,
    "medianResTime" : 290.5,
    "minResTime" : 275.0,
    "maxResTime" : 647.0,
    "pct1ResTime" : 613.1999999999998,
    "pct2ResTime" : 633.8499999999999,
    "pct3ResTime" : 647.0,
    "throughput" : 5.703855806525211,
    "receivedKBytesPerSec" : 4.1613638632215375,
    "sentKBytesPerSec" : 1.765744424480949
  },
  "08 - View Cart" : {
    "transaction" : "08 - View Cart",
    "sampleCount" : 50,
    "errorCount" : 0,
    "errorPct" : 0.0,
    "meanResTime" : 314.6999999999999,
    "medianResTime" : 306.0,
    "minResTime" : 291.0,
    "maxResTime" : 383.0,
    "pct1ResTime" : 350.7,
    "pct2ResTime" : 370.59999999999997,
    "pct3ResTime" : 383.0,
    "throughput" : 5.710370031978072,
    "receivedKBytesPerSec" : 51.86298591679991,
    "sentKBytesPerSec" : 1.455475174166286
  },
  "07 - Add to Cart" : {
    "transaction" : "07 - Add to Cart",
    "sampleCount" : 50,
    "errorCount" : 0,
    "errorPct" : 0.0,
    "meanResTime" : 739.0199999999999,
    "medianResTime" : 654.5,
    "minResTime" : 590.0,
    "maxResTime" : 1320.0,
    "pct1ResTime" : 1211.3999999999999,
    "pct2ResTime" : 1261.05,
    "pct3ResTime" : 1320.0,
    "throughput" : 5.498130635583902,
    "receivedKBytesPerSec" : 290.3438221629646,
    "sentKBytesPerSec" : 3.2859921376731913
  },
  "05 - Search Product" : {
    "transaction" : "05 - Search Product",
    "sampleCount" : 50,
    "errorCount" : 0,
    "errorPct" : 0.0,
    "meanResTime" : 920.7399999999997,
    "medianResTime" : 719.0,
    "minResTime" : 313.0,
    "maxResTime" : 2402.0,
    "pct1ResTime" : 1876.8,
    "pct2ResTime" : 2027.4999999999986,
    "pct3ResTime" : 2402.0,
    "throughput" : 4.575402635431918,
    "receivedKBytesPerSec" : 124.52726796989384,
    "sentKBytesPerSec" : 1.210873158400439
  },
  "Debug Sampler" : {
    "transaction" : "Debug Sampler",
    "sampleCount" : 50,
    "errorCount" : 0,
    "errorPct" : 0.0,
    "meanResTime" : 0.19999999999999993,
    "medianResTime" : 0.0,
    "minResTime" : 0.0,
    "maxResTime" : 3.0,
    "pct1ResTime" : 1.0,
    "pct2ResTime" : 1.0,
    "pct3ResTime" : 3.0,
    "throughput" : 5.1663566852655505,
    "receivedKBytesPerSec" : 1.618421774901839,
    "sentKBytesPerSec" : 0.0
  },
  "Total" : {
    "transaction" : "Total",
    "sampleCount" : 650,
    "errorCount" : 49,
    "errorPct" : 7.5384617,
    "meanResTime" : 1013.0784615384607,
    "medianResTime" : 632.5,
    "minResTime" : 0.0,
    "maxResTime" : 4454.0,
    "pct1ResTime" : 2192.3999999999996,
    "pct2ResTime" : 3149.1999999999975,
    "pct3ResTime" : 4131.76,
    "throughput" : 20.26184538653367,
    "receivedKBytesPerSec" : 572.7722320176123,
    "sentKBytesPerSec" : 8.012196072319203
  },
  "03 - Login User" : {
    "transaction" : "03 - Login User",
    "sampleCount" : 50,
    "errorCount" : 42,
    "errorPct" : 84.0,
    "meanResTime" : 3420.3799999999997,
    "medianResTime" : 3380.0,
    "minResTime" : 2339.0,
    "maxResTime" : 4454.0,
    "pct1ResTime" : 4154.8,
    "pct2ResTime" : 4334.75,
    "pct3ResTime" : 4454.0,
    "throughput" : 3.700414446417999,
    "receivedKBytesPerSec" : 195.96274665575044,
    "sentKBytesPerSec" : 4.7736791833185315
  },
  "06 - View Product" : {
    "transaction" : "06 - View Product",
    "sampleCount" : 50,
    "errorCount" : 0,
    "errorPct" : 0.0,
    "meanResTime" : 546.7199999999999,
    "medianResTime" : 357.5,
    "minResTime" : 308.0,
    "maxResTime" : 1870.0,
    "pct1ResTime" : 1090.5999999999995,
    "pct2ResTime" : 1837.9499999999998,
    "pct3ResTime" : 1870.0,
    "throughput" : 4.839334107626791,
    "receivedKBytesPerSec" : 62.24877050667828,
    "sentKBytesPerSec" : 1.2712703856949283
  },
  "01 - Open Homepage" : {
    "transaction" : "01 - Open Homepage",
    "sampleCount" : 50,
    "errorCount" : 7,
    "errorPct" : 14.0,
    "meanResTime" : 1112.4799999999998,
    "medianResTime" : 1059.0,
    "minResTime" : 403.0,
    "maxResTime" : 2522.0,
    "pct1ResTime" : 2041.0,
    "pct2ResTime" : 2105.1499999999996,
    "pct3ResTime" : 2522.0,
    "throughput" : 4.357678229039568,
    "receivedKBytesPerSec" : 225.11833819940736,
    "sentKBytesPerSec" : 0.5276875980477601
  }
}